{
  "Base": [
    [
      1,
      0,
      0,
      0
    ],
    [
      0,
      1,
      0,
      0
    ],
    [
      0,
      0,
      1,
      0
    ],
    [
      0,
      0,
      0,
      1
    ]
  ],
  "frame-1": [
    [
      0.9994327183925048,
      -0.03367848071712045,
      3.6649077264132085e-05,
      2.3138512668802087
    ],
    [
      -0.033678481842736974,
      -0.9994327185598564,
      3.0542156029552024e-05,
      -0.30000000000000016
    ],
    [
      3.559967350990121e-05,
      -3.1759115309376344e-05,
      -0.999999998862011,
      -0.10101675176873345
    ],
    [
      0,
      0,
      0,
      1
    ]
  ],
  "nn": [
    [
      -0.17364817766693041,
      -0.013796510741155876,
      -0.9847111082364834,
      4.1
    ],
    [
      1.0312128361157745e-16,
      0.9999018643228295,
      -0.014009344157737219,
      -0.30000000000000016
    ],
    [
      0.9848077530122081,
      -0.0024326970833000276,
      -0.17363113658542564,
      1.5000000000000002
    ],
    [
      0,
      0,
      0,
      1
    ]
  ],
  "mmm": [
    [
      -0.17364817766693041,
      -0.013796510741155876,
      -0.9847111082364834,
      4.1
    ],
    [
      1.0312128361157745e-16,
      0.9999018643228295,
      -0.014009344157737219,
      -0.30000000000000016
    ],
    [
      0.9848077530122081,
      -0.0024326970833000276,
      -0.17363113658542564,
      1.5000000000000002
    ],
    [
      0,
      0,
      0,
      1
    ]
  ],
  "bxb": [
    [
      -0.17364817766693041,
      -0.013796510741155876,
      -0.9847111082364834,
      4.1
    ],
    [
      1.0312128361157745e-16,
      0.9999018643228295,
      -0.014009344157737219,
      -0.30000000000000016
    ],
    [
      0.9848077530122081,
      -0.0024326970833000276,
      -0.17363113658542564,
      1.5000000000000002
    ],
    [
      0,
      0,
      0,
      1
    ]
  ],
  "bbdsd": [
    [
      -0.17364817766693041,
      0.9848077530122081,
      -1.142868019252551e-15,
      4.1
    ],
    [
      1.0312128361157745e-16,
      1.1786816652082009e-15,
      1.0,
      -0.30000000000000016
    ],
    [
      0.9848077530122081,
      0.1736481776669297,
      -3.062305628140793e-16,
      1.5000000000000002
    ],
    [
      0,
      0,
      0,
      1
    ]
  ],
  "bsss": [
    [
      -0.17364817766693041,
      -0.013796510741155876,
      -0.9847111082364834,
      4.1
    ],
    [
      1.0312128361157745e-16,
      0.9999018643228295,
      -0.014009344157737219,
      -0.30000000000000016
    ],
    [
      0.9848077530122081,
      -0.0024326970833000276,
      -0.17363113658542564,
      1.5000000000000002
    ],
    [
      0,
      0,
      0,
      1
    ]
  ]
}