{
  "Flange": [
    [
      1,
      0,
      0,
      0
    ],
    [
      0,
      1,
      0,
      0
    ],
    [
      0,
      0,
      1,
      0
    ],
    [
      0,
      0,
      0,
      1
    ]
  ],
  "nncc": [
    [
      -1.0,
      1.2246467991473532e-16,
      1.83697019872103e-16,
      -2.288624227538628e-09
    ],
    [
      -1.2246467991473532e-16,
      -1.0,
      -6.123233995736765e-17,
      0.0
    ],
    [
      1.83697019872103e-16,
      -6.123233995736767e-17,
      1.0,
      -3.1000000068243296
    ],
    [
      0,
      0,
      0,
      1
    ]
  ],
  "bb": [
    [
      -1.0,
      1.2246467991473532e-16,
      1.83697019872103e-16,
      -2.288624227538628e-09
    ],
    [
      -1.2246467991473532e-16,
      -1.0,
      -6.123233995736765e-17,
      0.0
    ],
    [
      1.83697019872103e-16,
      -6.123233995736767e-17,
      1.0,
      -3.1000000068243296
    ],
    [
      0,
      0,
      0,
      1
    ]
  ],
  "ndnd": [
    [
      -1.8369701987210294e-16,
      -1.0,
      1.83697019872103e-16,
      -7.893390382778379e-10
    ],
    [
      1.0,
      -1.8369701987210294e-16,
      -6.123233995736765e-17,
      0.0
    ],
    [
      6.123233995736769e-17,
      1.83697019872103e-16,
      1.0,
      -3.1000000019491734
    ],
    [
      0,
      0,
      0,
      1
    ]
  ],
  "uyyy": [
    [
      1.83697019872103e-16,
      1.0,
      -1.8369701987210294e-16,
      -7.893390382778379e-10
    ],
    [
      -1.224646799147353e-16,
      1.8369701987210297e-16,
      1.0,
      0.0
    ],
    [
      1.0,
      -1.8369701987210297e-16,
      1.2246467991473535e-16,
      -3.1000000019491734
    ],
    [
      0,
      0,
      0,
      1
    ]
  ],
  "ghaar": [
    [
      1.83697019872103e-16,
      1.0,
      -1.8369701987210294e-16,
      -7.893390382778379e-10
    ],
    [
      -1.224646799147353e-16,
      1.8369701987210297e-16,
      1.0,
      0.0
    ],
    [
      1.0,
      -1.8369701987210297e-16,
      1.2246467991473535e-16,
      -3.1000000019491734
    ],
    [
      0,
      0,
      0,
      1
    ]
  ],
  "jab": [
    [
      2.4492935982947064e-16,
      -1.224646799147353e-16,
      -1.0,
      -2.288624227538628e-09
    ],
    [
      -6.123233995736764e-17,
      1.0,
      -1.2246467991473532e-16,
      0.0
    ],
    [
      1.0,
      6.123233995736766e-17,
      2.4492935982947064e-16,
      -3.1000000068243296
    ],
    [
      0,
      0,
      0,
      1
    ]
  ],
  "khar": [
    [
      1.83697019872103e-16,
      1.0,
      -1.8369701987210294e-16,
      -7.893390382778379e-10
    ],
    [
      -1.224646799147353e-16,
      1.8369701987210297e-16,
      1.0,
      0.0
    ],
    [
      1.0,
      -1.8369701987210297e-16,
      1.2246467991473535e-16,
      -3.1000000019491734
    ],
    [
      0,
      0,
      0,
      1
    ]
  ]
}